epoch,time,train/box_loss,train/pose_loss,train/kobj_loss,train/cls_loss,train/dfl_loss,metrics/precision(B),metrics/recall(B),metrics/mAP50(B),metrics/mAP50-95(B),metrics/precision(P),metrics/recall(P),metrics/mAP50(P),metrics/mAP50-95(P),val/box_loss,val/pose_loss,val/kobj_loss,val/cls_loss,val/dfl_loss,lr/pg0,lr/pg1,lr/pg2
1,26.6183,0.85843,0.28931,0.44098,0.65187,1.36673,0.96834,0.97222,0.98961,0.72203,0.96058,0.96696,0.9825,0.94063,1.08862,0.20375,0.22208,0.43527,1.03528,0.0702439,0.00330623,0.00330623
2,49.4703,0.82826,0.17155,0.33356,0.61282,1.33549,0.95005,0.98413,0.99037,0.71753,0.948,0.96825,0.97949,0.94436,1.09978,0.19528,0.17094,0.45247,1.04736,0.0402374,0.00663308,0.00663308
